{
  "name": "cf_clearance",
  "value": "sifTtPfipux3gqcHKDX4FjFZNt7MtjPNJfE1OilonA8-1748299161-1.2.1.1-MZ1mmiSxDGbqPYs42S0ZUR51u2.86j8bHvgBfe_arD45o4LiR6xzyF2ZDFM12SodPtlAbLdjxAnJ.qDp5LkHlzRX5g9Stu_p_Zodq3F_nPKRzx3u1FOgP0wLzKGhA4UC2dB_hsSJMFMAX0sF9PJnuXww2ut4VvltZjsoRyIRaJGg60bhcQdcjj99wMEqHDckEWsSLZgjZatFE9.5NyQLhDVHjAFmFKz7TU1QuFL.28jOAVElB07oueKfMxgEIVWpwcisr4bAOCjXflrZn2Z_gyp6OcnSvx7kztNoz8_hLCcxsbHMu3l9Iyt2ZtpP4jQ0K9j4noa8V_PctLRoLjVnCimJEEmxqHbTiwyke4MXZpM",
  "domain": ".stockx.com",
  "path": "/",
  "secure": true,
  "httpOnly": true
}
